<!-- AudioFX -->
<item component="ComponentInfo{org.cyanogenmod.audiofx/org.cyanogenmod.audiofx.activity.ActivityMusic}" drawable="org_cyanogenmod_audiofx_org_cyanogenmod_audiofx_activity_ActivityMusic"/>
<!-- Clear List -->
<item component="ComponentInfo{douzifly.list/douzifly.list.ui.home.MainActivity}" drawable="douzifly_list_douzifly_list_ui_home_MainActivity"/>
<!-- CM Settings -->
<item component="ComponentInfo{com.xanadu.xposed.cmoptions/com.xanadu.xposed.cmoptions.Settings}" drawable="com_xanadu_xposed_cmoptions_com_xanadu_xposed_cmoptions_Settings"/>
<!-- EasyRSS -->
<item component="ComponentInfo{org.freshrss.easyrss/org.freshrss.easyrss.Home}" drawable="org_freshrss_easyrss_org_freshrss_easyrss_Home"/>
<!-- Humble Bundle -->
<item component="ComponentInfo{com.humblebundle.library/com.humblebundle.library.DownloadListActivity}" drawable="com_humblebundle_library_com_humblebundle_library_DownloadListActivity"/>
<!-- Munin for Android -->
<item component="ComponentInfo{com.chteuchteu.munin/com.chteuchteu.munin.ui.Activity_Main}" drawable="com_chteuchteu_munin_com_chteuchteu_munin_ui_Activity_Main"/>
<!-- Nextcloud -->
<item component="ComponentInfo{com.nextcloud.client/com.owncloud.android.ui.activity.FileDisplayActivity}" drawable="com_nextcloud_client_com_owncloud_android_ui_activity_FileDisplayActivity"/>
<!-- RasPi Check -->
<item component="ComponentInfo{de.eidottermihi.raspicheck/de.eidottermihi.rpicheck.activity.MainActivity}" drawable="de_eidottermihi_raspicheck_de_eidottermihi_rpicheck_activity_MainActivity"/>
<!-- SatStat -->
<item component="ComponentInfo{com.vonglasow.michael.satstat/com.vonglasow.michael.satstat.ui.MainActivity}" drawable="com_vonglasow_michael_satstat_com_vonglasow_michael_satstat_ui_MainActivity"/>
<!-- Sélecteur de thèmes -->
<item component="ComponentInfo{org.cyanogenmod.theme.chooser2/org.cyanogenmod.theme.chooser2.ChooserLauncher}" drawable="org_cyanogenmod_theme_chooser2_org_cyanogenmod_theme_chooser2_ChooserLauncher"/>
