<!-- Anuto TD -->
<item component="ComponentInfo{ch.logixisland.anuto/ch.logixisland.anuto.MainActivity}" drawable="ch_logixisland_anuto_ch_logixisland_anuto_MainActivity"/>
<!-- AudioFX -->
<item component="ComponentInfo{org.cyanogenmod.audiofx/org.cyanogenmod.audiofx.activity.ActivityMusic}" drawable="org_cyanogenmod_audiofx_org_cyanogenmod_audiofx_activity_ActivityMusic"/>
<!-- Calendar Notifications -->
<item component="ComponentInfo{com.github.quarck.calnotify/com.github.quarck.calnotify.ui.MainActivity}" drawable="com_github_quarck_calnotify_com_github_quarck_calnotify_ui_MainActivity"/>
<!-- Diaspora -->
<item component="ComponentInfo{com.github.dfa.diaspora_android/com.github.dfa.diaspora_android.activity.SplashActivity}" drawable="com_github_dfa_diaspora_android_com_github_dfa_diaspora_android_activity_SplashActivity"/>
<!-- ePUBator -->
<item component="ComponentInfo{it.iiizio.epubator/it.iiizio.epubator.ePUBator}" drawable="it_iiizio_epubator_it_iiizio_epubator_ePUBator"/>
<!-- GBCoid -->
<item component="ComponentInfo{com.androidemu.gbc/com.androidemu.gbc.MainActivity}" drawable="com_androidemu_gbc_com_androidemu_gbc_MainActivity"/>
<!-- MemoPad -->
<item component="ComponentInfo{org.zakky.memopad/org.zakky.memopad.PadActivity}" drawable="org_zakky_memopad_org_zakky_memopad_PadActivity"/>
<!-- Nextcloud -->
<item component="ComponentInfo{com.nextcloud.client/com.owncloud.android.ui.activity.FileDisplayActivity}" drawable="com_nextcloud_client_com_owncloud_android_ui_activity_FileDisplayActivity"/>
<!-- SkyTube -->
<item component="ComponentInfo{free.rm.skytube.oss/free.rm.skytube.gui.activities.MainActivity}" drawable="free_rm_skytube_oss_free_rm_skytube_gui_activities_MainActivity"/>
<!-- Theme Chooser -->
<item component="ComponentInfo{org.cyanogenmod.theme.chooser2/org.cyanogenmod.theme.chooser2.ChooserLauncher}" drawable="org_cyanogenmod_theme_chooser2_org_cyanogenmod_theme_chooser2_ChooserLauncher"/>
