<!-- AudioFX -->
<item component="ComponentInfo{org.cyanogenmod.audiofx/org.cyanogenmod.audiofx.activity.ActivityMusic}" drawable="org_cyanogenmod_audiofx_org_cyanogenmod_audiofx_activity_ActivityMusic"/>
<!-- Blue Minimal -->
<item component="ComponentInfo{de.baumann.thema/de.baumann.thema.Screen_Main}" drawable="de_baumann_thema_de_baumann_thema_Screen_Main"/>
<!-- diaspora* -->
<item component="ComponentInfo{com.github.dfa.diaspora_android/com.github.dfa.diaspora_android.activity.MainActivity}" drawable="com_github_dfa_diaspora_android_com_github_dfa_diaspora_android_activity_MainActivity"/>
<!-- Forecastie -->
<item component="ComponentInfo{cz.martykan.forecastie/cz.martykan.forecastie.activities.MainActivity}" drawable="cz_martykan_forecastie_cz_martykan_forecastie_activities_MainActivity"/>
<!-- ForRunners -->
<item component="ComponentInfo{net.khertan.forrunners/net.khertan.forrunners.MainActivity}" drawable="net_khertan_forrunners_net_khertan_forrunners_MainActivity"/>
<!-- LeafPic -->
<item component="ComponentInfo{org.horaapps.leafpic/org.horaapps.leafpic.activities.SplashScreen}" drawable="org_horaapps_leafpic_org_horaapps_leafpic_activities_SplashScreen"/>
<!-- LibreTorrent -->
<item component="ComponentInfo{org.proninyaroslav.libretorrent/org.proninyaroslav.libretorrent.MainActivity}" drawable="org_proninyaroslav_libretorrent_org_proninyaroslav_libretorrent_MainActivity"/>
<!-- Material Player -->
<item component="ComponentInfo{de.ph1b.audiobook/de.ph1b.audiobook.features.BookActivity}" drawable="de_ph1b_audiobook_de_ph1b_audiobook_features_BookActivity"/>
<!-- NewPipe -->
<item component="ComponentInfo{org.schabi.newpipe/org.schabi.newpipe.MainActivity}" drawable="org_schabi_newpipe_org_schabi_newpipe_MainActivity"/>
<!-- Nextcloud beta -->
<item component="ComponentInfo{com.nextcloud.android.beta/com.owncloud.android.ui.activity.FileDisplayActivity}" drawable="com_nextcloud_android_beta_com_owncloud_android_ui_activity_FileDisplayActivity"/>
<!-- PDF Creator -->
<item component="ComponentInfo{de.baumann.pdfcreator/de.baumann.pdfcreator.MainActivity}" drawable="de_baumann_pdfcreator_de_baumann_pdfcreator_MainActivity"/>
<!-- Pedometer -->
<item component="ComponentInfo{org.secuso.privacyfriendlyactivitytracker/org.secuso.privacyfriendlyactivitytracker.activities.SplashActivity}" drawable="org_secuso_privacyfriendlyactivitytracker_org_secuso_privacyfriendlyactivitytracker_activities_SplashActivity"/>
<!-- QKSMS -->
<item component="ComponentInfo{com.moez.QKSMS/com.moez.QKSMS.ui.MainActivity-Default}" drawable="com_moez_QKSMS_com_moez_QKSMS_ui_MainActivity-Default"/>
<!-- Sélecteur de thèmes -->
<item component="ComponentInfo{org.cyanogenmod.theme.chooser2/org.cyanogenmod.theme.chooser2.ChooserLauncher}" drawable="org_cyanogenmod_theme_chooser2_org_cyanogenmod_theme_chooser2_ChooserLauncher"/>
<!-- Unit Converter Ultimate -->
<item component="ComponentInfo{com.physphil.android.unitconverterultimate/com.physphil.android.unitconverterultimate.MainActivity}" drawable="com_physphil_android_unitconverterultimate_com_physphil_android_unitconverterultimate_MainActivity"/>
